transaction_id,timestamp,type,merchant_recipient,amount,status,error_code,internal_note,risk_score,card_is_frozen,bin
TX-5B1004B5,12/30/25 21:51,Subscription,Netflix,678.83,Declined,CARD_LOCK,Transaction attempted while user card was set to INACTIVE in app settings.,0,TRUE,
TX-8A1D6BBA,12/15/25 21:51,Direct Deposit,Employer Payroll LLC,141.75,Flagged,CARD_LOCK,Transaction attempted while user card was set to INACTIVE in app settings.,0,TRUE,
TX-F2AF0BD4,12/27/25 21:51,ATM Withdrawal,Walmart,2283.53,Pending,,Awaiting clearing house response.,8,FALSE,
TX-0F0236F8,12/12/25 21:51,Subscription,Walmart,108.25,Failed,R03,Upstream banking partner returned error R03.,33,FALSE,
TX-85349ED9,12/16/25 21:51,POS Purchase,Target,2457.37,Completed,,Transaction settled successfully.,6,FALSE,
TX-869F51CD,12/23/25 21:51,ATM Withdrawal,Uber,2297.48,Pending,,Awaiting clearing house response.,16,FALSE,
TX-E3502E3D,12/30/25 21:51,POS Purchase,Remitly,2346.17,Completed,,Transaction settled successfully.,4,FALSE,
TX-27464C8E,12/20/25 21:51,Direct Deposit,Employer Payroll LLC,811.98,Completed,,Transaction settled successfully.,7,FALSE,
TX-C482B6C6,1/5/26 21:51,Remittance,Jose Rodriguez (MX),1441.85,Completed,,Transaction settled successfully.,1,FALSE,
TX-3143A4B1,12/15/25 21:51,ATM Withdrawal,Remitly,2269.32,Failed,R03,Upstream banking partner returned error R03.,25,FALSE,
TX-41ACCE46,1/2/26 21:51,ATM Withdrawal,Shell Station,570.19,Pending,,Awaiting clearing house response.,9,FALSE,
TX-28CB0860,1/2/26 21:51,ATM Withdrawal,7-Eleven,631.22,Failed,INV_ACC,Upstream banking partner returned error INV_ACC.,16,FALSE,
TX-629B07D2,12/28/25 21:51,Remittance,Maria Garcia (MX),1670.59,Completed,,Transaction settled successfully.,1,FALSE,
TX-6A7E47EF,1/1/26 21:51,Remittance,Juan Perez (MX),1162.75,Completed,,Transaction settled successfully.,6,FALSE,
TX-27CD615A,12/27/25 21:51,Direct Deposit,Employer Payroll LLC,2203.31,Completed,,Transaction settled successfully.,4,FALSE,
TX-C41DD4E4,1/1/26 21:51,Subscription,Amazon,1578.67,Completed,,Transaction settled successfully.,4,FALSE,
TX-902544C6,12/10/25 21:51,Direct Deposit,Employer Payroll LLC,154.53,Flagged,FRD_VEL,System flagged high risk score (98). Manual review required.,80,FALSE,
TX-4ADF1139,1/3/26 21:51,POS Purchase,Uber,2082.83,Completed,,Transaction settled successfully.,3,FALSE,
TX-17A46C52,12/15/25 21:51,Remittance,Maria Garcia (MX),1807.79,Completed,,Transaction settled successfully.,2,FALSE,
TX-3E6D4A25,1/4/26 21:51,Direct Deposit,Employer Payroll LLC,2248.14,Completed,,Transaction settled successfully.,1,FALSE,
TX-841D5D78,12/22/25 21:51,Subscription,Spotify,850.49,Completed,,Transaction settled successfully.,6,FALSE,
TX-CE108FE0,12/26/25 21:51,Remittance,Maria Garcia (MX),984.9,Failed,CARD_LOCK,Transaction attempted while user card was set to INACTIVE in app settings.,0,TRUE,
TX-1C7C38B1,12/9/25 21:51,Remittance,Jose Rodriguez (MX),1088.05,Flagged,R03,Upstream banking partner returned error R03.,33,FALSE,
TX-F2DAE736,1/1/26 21:51,Direct Deposit,Employer Payroll LLC,19.3,Completed,,Transaction settled successfully.,9,FALSE,
TX-FA2999F0,12/22/25 21:51,POS Purchase,Spotify,1423.05,Completed,,Transaction settled successfully.,6,FALSE,
TX-3E2FB6D5,12/17/25 21:51,ATM Withdrawal,Amazon,520.82,Declined,INV_ACC,Upstream banking partner returned error INV_ACC.,25,FALSE,
TX-0CEA24E4,1/8/26 21:51,Remittance,Jose Rodriguez (MX),1374.27,Completed,,Transaction settled successfully.,3,FALSE,
TX-C99E3E13,1/8/26 21:51,Subscription,Uber,841.96,Completed,,Transaction settled successfully.,4,FALSE,
TX-E57A5209,12/26/25 21:51,Subscription,Spotify,2275.54,Pending,,Awaiting clearing house response.,14,FALSE,
TX-735116BF,12/31/25 21:51,Remittance,Jose Rodriguez (MX),383.94,Completed,,Transaction settled successfully.,3,FALSE,
TX-50205F5E,12/31/25 21:51,Direct Deposit,Employer Payroll LLC,2449.67,Pending,,Awaiting clearing house response.,10,FALSE,
TX-1101339C,12/29/25 21:51,ATM Withdrawal,Shell Station,2134.46,Completed,,Transaction settled successfully.,6,FALSE,
TX-F80343A4,12/22/25 21:51,ATM Withdrawal,Uber,752.59,Flagged,R01,Upstream banking partner returned error R01.,18,FALSE,
TX-46D3AFFC,12/22/25 21:51,Direct Deposit,Employer Payroll LLC,851.58,Completed,,Transaction settled successfully.,3,FALSE,
TX-876C15BC,12/9/25 21:51,ATM Withdrawal,Target,2387.99,Pending,,Awaiting clearing house response.,11,FALSE,
TX-B61F5BE7,1/5/26 21:51,Direct Deposit,Employer Payroll LLC,2339,Completed,,Transaction settled successfully.,5,FALSE,
TX-3C8A55FC,1/8/26 21:51,POS Purchase,7-Eleven,2014.72,Completed,,Transaction settled successfully.,2,FALSE,
TX-8CD4EEDF,12/21/25 21:51,POS Purchase,Remitly,861.52,Completed,,Transaction settled successfully.,9,FALSE,
TX-7D540C22,12/18/25 21:51,POS Purchase,7-Eleven,1602.66,Completed,,Transaction settled successfully.,1,FALSE,
TX-D3F2D633,1/5/26 21:51,ATM Withdrawal,7-Eleven,68.9,Pending,,Awaiting clearing house response.,12,FALSE,
TX-E28F7171,1/6/26 21:51,Remittance,Juan Perez (MX),2059.68,Completed,,Transaction settled successfully.,4,FALSE,
TX-615931C9,12/21/25 21:51,ATM Withdrawal,Target,2084.26,Completed,,Transaction settled successfully.,7,FALSE,
TX-2D8D96AC,12/14/25 21:51,Direct Deposit,Employer Payroll LLC,2224.67,Failed,R03,Upstream banking partner returned error R03.,32,FALSE,
TX-12C17F93,12/14/25 21:51,POS Purchase,Shell Station,613.74,Completed,,Transaction settled successfully.,8,FALSE,
TX-2698DF3C,1/5/26 21:51,ATM Withdrawal,Shell Station,334.74,Completed,,Transaction settled successfully.,0,FALSE,
TX-B6C14CCF,12/11/25 21:51,Subscription,Uber,629.26,Completed,,Transaction settled successfully.,4,FALSE,
TX-9451E601,1/7/26 21:51,Direct Deposit,Employer Payroll LLC,529.73,Flagged,FRD_VEL,System flagged high risk score (84). Manual review required.,90,FALSE,
TX-FFBAF41F,12/31/25 21:51,Remittance,Luis Martinez (MX),1464.98,Completed,,Transaction settled successfully.,7,FALSE,
TX-3D0D7D62,12/29/25 21:51,ATM Withdrawal,Amazon,907.33,Completed,,Transaction settled successfully.,9,FALSE,
TX-F718447E,12/22/25 21:51,Subscription,Spotify,1554.59,Completed,,Transaction settled successfully.,5,FALSE,
TX-028EDDC6,12/15/25 21:51,Remittance,Juan Perez (MX),195.1,Completed,,Transaction settled successfully.,1,FALSE,
TX-F3A0D4A0,12/24/25 21:51,Remittance,Juan Perez (MX),2102.7,Completed,,Transaction settled successfully.,10,FALSE,
TX-8E9D2C5E,12/30/25 21:51,POS Purchase,Spotify,1542.3,Completed,,Transaction settled successfully.,8,FALSE,
TX-C632C67A,1/6/26 21:51,POS Purchase,McDonalds,1276.14,Failed,CARD_LOCK,Transaction attempted while user card was set to INACTIVE in app settings.,0,TRUE,
TX-21F57AC0,1/1/26 21:51,Remittance,Maria Garcia (MX),2268.66,Failed,R01,Upstream banking partner returned error R01.,25,FALSE,
TX-5D6CE482,1/7/26 21:51,ATM Withdrawal,Remitly,1522.43,Flagged,FRD_GEO,System flagged high risk score (99). Manual review required.,99,FALSE,
TX-5ED76D51,12/23/25 21:51,POS Purchase,Walmart,774.43,Flagged,FRD_VEL,System flagged high risk score (89). Manual review required.,92,FALSE,
TX-1B5D12AA,12/13/25 21:51,POS Purchase,Netflix,215.7,Declined,CARD_LOCK,Transaction attempted while user card was set to INACTIVE in app settings.,0,TRUE,
TX-54FA6A0F,1/7/26 21:51,ATM Withdrawal,7-Eleven,1918.82,Completed,,Transaction settled successfully.,5,FALSE,
TX-AC130AD4,12/19/25 21:51,ATM Withdrawal,Netflix,429.71,Flagged,CARD_LOCK,Transaction attempted while user card was set to INACTIVE in app settings.,0,TRUE,
TX-73F32C32,12/17/25 21:51,Subscription,McDonalds,454.77,Completed,,Transaction settled successfully.,5,FALSE,
TX-84D3A5BB,12/14/25 21:51,Direct Deposit,Employer Payroll LLC,2123.51,Flagged,R03,Upstream banking partner returned error R03.,19,FALSE,
TX-26556342,12/21/25 21:51,Direct Deposit,Employer Payroll LLC,1115.84,Completed,,Transaction settled successfully.,6,FALSE,
TX-37A22EFA,12/10/25 21:51,Remittance,Jose Rodriguez (MX),1316.21,Completed,,Transaction settled successfully.,7,FALSE,
TX-D5CE8D64,1/3/26 21:51,Subscription,7-Eleven,432.56,Pending,,Awaiting clearing house response.,3,FALSE,
TX-AF8E821C,12/11/25 21:51,Subscription,Shell Station,490.25,Completed,,Transaction settled successfully.,6,FALSE,
TX-08919022,1/6/26 21:51,ATM Withdrawal,7-Eleven,795.73,Completed,,Transaction settled successfully.,9,FALSE,
TX-2BB83198,1/4/26 21:51,ATM Withdrawal,Walmart,138.37,Pending,,Awaiting clearing house response.,1,FALSE,
TX-E7A96C8F,12/16/25 21:51,Remittance,Jose Rodriguez (MX),757.94,Completed,,Transaction settled successfully.,1,FALSE,
TX-B792D376,1/4/26 21:51,Direct Deposit,Employer Payroll LLC,990.65,Flagged,R03,Upstream banking partner returned error R03.,16,FALSE,
TX-45FC4C91,12/30/25 21:51,Remittance,Jose Rodriguez (MX),699.78,Completed,,Transaction settled successfully.,3,FALSE,
TX-BB75B52E,12/17/25 21:51,Subscription,Amazon,2178.53,Completed,,Transaction settled successfully.,3,FALSE,
TX-8B524916,12/22/25 21:51,Direct Deposit,Employer Payroll LLC,2412.18,Flagged,FRD_GEO,System flagged high risk score (90). Manual review required.,81,FALSE,
TX-F777C020,1/7/26 21:51,Direct Deposit,Employer Payroll LLC,14.39,Completed,,Transaction settled successfully.,5,FALSE,
TX-419EB785,12/21/25 21:51,POS Purchase,Uber,2146.57,Declined,CARD_LOCK,Transaction attempted while user card was set to INACTIVE in app settings.,0,TRUE,
TX-037F8C21,12/29/25 21:51,Subscription,Shell Station,1802.58,Flagged,R01,Upstream banking partner returned error R01.,29,FALSE,
TX-187F0EF1,12/25/25 21:51,POS Purchase,Spotify,131.19,Completed,,Transaction settled successfully.,4,FALSE,
TX-C495E3F0,12/9/25 21:51,POS Purchase,Remitly,2084.85,Pending,,Awaiting clearing house response.,5,FALSE,
TX-DE157EDD,12/16/25 21:51,Remittance,Ana Hernandez (MX),543.33,Completed,,Transaction settled successfully.,4,FALSE,
TX-990B99D6,1/6/26 21:51,Remittance,Ana Hernandez (MX),372.4,Completed,,Transaction settled successfully.,5,FALSE,
TX-74260B08,12/17/25 21:51,Direct Deposit,Employer Payroll LLC,662.2,Completed,,Transaction settled successfully.,10,FALSE,
TX-23345B34,12/29/25 21:51,Subscription,Netflix,1218.42,Completed,,Transaction settled successfully.,3,FALSE,
TX-FCF6D16F,12/20/25 21:51,Direct Deposit,Employer Payroll LLC,1718.68,Completed,,Transaction settled successfully.,3,FALSE,
TX-AC8578CA,1/4/26 21:51,Remittance,Juan Perez (MX),150.77,Flagged,FRD_VEL,System flagged high risk score (93). Manual review required.,90,FALSE,
TX-B9986E56,12/19/25 21:51,Remittance,Jose Rodriguez (MX),2458.83,Completed,,Transaction settled successfully.,3,FALSE,
TX-5350B730,12/23/25 21:51,Subscription,Remitly,1660.98,Completed,,Transaction settled successfully.,2,FALSE,
TX-760C39B4,12/17/25 21:51,Remittance,Luis Martinez (MX),855.69,Completed,,Transaction settled successfully.,5,FALSE,
TX-9CC387DD,1/4/26 21:51,Remittance,Luis Martinez (MX),1493.91,Failed,INV_ACC,Upstream banking partner returned error INV_ACC.,38,FALSE,
TX-CAF002EF,12/21/25 21:51,Direct Deposit,Employer Payroll LLC,683.13,Pending,,Awaiting clearing house response.,18,FALSE,
TX-DBBA41C8,12/15/25 21:51,Subscription,7-Eleven,301.09,Declined,INV_ACC,Upstream banking partner returned error INV_ACC.,17,FALSE,
TX-673D179A,12/15/25 21:51,ATM Withdrawal,7-Eleven,150.18,Completed,,Transaction settled successfully.,9,FALSE,
TX-B70AD6FD,1/3/26 21:51,Remittance,Maria Garcia (MX),1199.76,Completed,,Transaction settled successfully.,7,FALSE,
TX-0CE46C0F,12/23/25 21:51,Subscription,Netflix,2339.61,Completed,,Transaction settled successfully.,2,FALSE,
TX-CBD458C8,1/8/26 21:51,ATM Withdrawal,7-Eleven,1704.27,Completed,,Transaction settled successfully.,9,FALSE,
TX-EBC5464B,1/4/26 21:51,ATM Withdrawal,Target,1854.44,Flagged,FRD_GEO,System flagged high risk score (95). Manual review required.,97,FALSE,
TX-909B1D23,12/10/25 21:51,ATM Withdrawal,Walmart,2234.56,Completed,,Transaction settled successfully.,6,FALSE,
TX-52FC9593,12/9/25 21:51,Subscription,7-Eleven,1869.61,Completed,,Transaction settled successfully.,3,FALSE,
TX-8176B405,12/28/25 21:51,Subscription,Uber,545.2,Pending,,Awaiting clearing house response.,7,FALSE,
TX-5623CDEC,12/25/25 21:51,Remittance,Luis Martinez (MX),806.5,Completed,,Transaction settled successfully.,4,FALSE,
TX-13F051DF,12/29/25 21:51,Remittance,Jose Rodriguez (MX),738.89,Completed,,Transaction settled successfully.,0,FALSE,
TX-C75ED550,12/17/25 21:51,POS Purchase,McDonalds,460.65,Failed,CARD_LOCK,Transaction attempted while user card was set to INACTIVE in app settings.,0,TRUE,
TX-BAC9E7E7,12/11/25 21:51,Remittance,Maria Garcia (MX),2254.62,Failed,CARD_LOCK,Transaction attempted while user card was set to INACTIVE in app settings.,0,TRUE,
TX-DD98741D,12/26/25 21:51,ATM Withdrawal,Shell Station,2426.82,Completed,,Transaction settled successfully.,0,FALSE,
TX-C1AED20A,12/30/25 21:51,ATM Withdrawal,Uber,1215.64,Completed,,Transaction settled successfully.,7,FALSE,
TX-73E7835E,12/9/25 21:51,Remittance,Ana Hernandez (MX),1581.39,Completed,,Transaction settled successfully.,10,FALSE,
TX-C9D822B6,12/12/25 21:51,Subscription,Remitly,586.36,Pending,,Awaiting clearing house response.,17,FALSE,
TX-6178EEB1,12/30/25 21:51,Subscription,Target,918.05,Completed,,Transaction settled successfully.,5,FALSE,
TX-B50C67DC,12/28/25 21:51,Subscription,Uber,821.21,Failed,INV_ACC,Upstream banking partner returned error INV_ACC.,31,FALSE,
TX-DC145C9D,1/3/26 21:51,POS Purchase,Shell Station,71.51,Flagged,INV_ACC,Upstream banking partner returned error INV_ACC.,12,FALSE,
TX-6E3148DD,12/9/25 21:51,POS Purchase,Shell Station,2052.83,Pending,,Awaiting clearing house response.,2,FALSE,
TX-19D2A89F,12/20/25 21:51,Subscription,McDonalds,1133.15,Completed,,Transaction settled successfully.,6,FALSE,
TX-92466305,12/31/25 21:51,Subscription,Netflix,505.9,Completed,,Transaction settled successfully.,10,FALSE,
TX-8D105806,12/27/25 21:51,ATM Withdrawal,Walmart,1198.26,Flagged,R01,Upstream banking partner returned error R01.,39,FALSE,
TX-0842C82E,12/22/25 21:51,Remittance,Ana Hernandez (MX),1680.19,Completed,,Transaction settled successfully.,10,FALSE,
TX-2E35E0E1,1/2/26 21:51,Remittance,Luis Martinez (MX),228.04,Failed,CARD_LOCK,Transaction attempted while user card was set to INACTIVE in app settings.,0,TRUE,
TX-CD84288A,12/10/25 21:51,Direct Deposit,Employer Payroll LLC,1612.68,Completed,,Transaction settled successfully.,4,FALSE,
TX-DEC1C1ED,12/13/25 21:51,Subscription,Netflix,205.13,Completed,,Transaction settled successfully.,10,FALSE,
TX-AD152E70,12/20/25 21:51,ATM Withdrawal,7-Eleven,2069.35,Declined,R03,Upstream banking partner returned error R03.,40,FALSE,
TX-48E33581,1/4/26 21:51,Remittance,Jose Rodriguez (MX),2057.05,Completed,,Transaction settled successfully.,0,FALSE,
TX-43E8ED7A,12/13/25 21:51,Subscription,Walmart,1796.6,Completed,,Transaction settled successfully.,3,FALSE,
TX-818A8024,12/29/25 21:51,POS Purchase,7-Eleven,869.35,Completed,,Transaction settled successfully.,1,FALSE,
TX-4CF52260,12/30/25 21:51,Subscription,Netflix,1214.23,Completed,,Transaction settled successfully.,2,FALSE,
TX-4B49CA3A,12/22/25 21:51,POS Purchase,Spotify,1013.36,Pending,,Awaiting clearing house response.,3,FALSE,
TX-0F9439D9,12/27/25 21:51,Subscription,7-Eleven,614.64,Flagged,FRD_VEL,System flagged high risk score (99). Manual review required.,99,FALSE,
TX-914310A7,12/25/25 21:51,ATM Withdrawal,Target,213.27,Completed,,Transaction settled successfully.,9,FALSE,
TX-3E8C4FDE,12/17/25 21:51,POS Purchase,Netflix,1115.77,Completed,,Transaction settled successfully.,10,FALSE,
TX-987FF1B0,12/20/25 21:51,POS Purchase,Walmart,1979.75,Completed,,Transaction settled successfully.,6,FALSE,
TX-481A8812,12/21/25 21:51,POS Purchase,7-Eleven,1579.34,Completed,,Transaction settled successfully.,9,FALSE,
TX-9E5D5721,12/13/25 21:51,Subscription,Shell Station,1799.31,Completed,,Transaction settled successfully.,3,FALSE,
TX-197B7726,12/12/25 21:51,Subscription,Uber,1483.14,Flagged,CARD_LOCK,Transaction attempted while user card was set to INACTIVE in app settings.,0,TRUE,
TX-DCCBB390,12/31/25 21:51,Subscription,Walmart,1311.9,Pending,,Awaiting clearing house response.,11,FALSE,
TX-ED1B0B66,12/23/25 21:51,Direct Deposit,Employer Payroll LLC,1928.41,Completed,,Transaction settled successfully.,9,FALSE,
TX-3366A478,12/25/25 21:51,POS Purchase,Remitly,1516.16,Declined,INV_ACC,Upstream banking partner returned error INV_ACC.,29,FALSE,
TX-3E0DA77A,12/12/25 21:51,Subscription,Amazon,2253.37,Completed,,Transaction settled successfully.,9,FALSE,
TX-6E260B23,1/5/26 21:51,POS Purchase,Shell Station,1316.98,Completed,,Transaction settled successfully.,3,FALSE,
TX-A55EC976,12/18/25 21:51,Remittance,Luis Martinez (MX),1528.6,Pending,,Awaiting clearing house response.,11,FALSE,
TX-433B4F1B,1/3/26 21:51,POS Purchase,Spotify,1950.83,Flagged,FRD_VEL,System flagged high risk score (88). Manual review required.,92,FALSE,
TX-D425AFD4,12/24/25 21:51,Direct Deposit,Employer Payroll LLC,706.66,Completed,,Transaction settled successfully.,10,FALSE,
TX-A069D9E7,1/4/26 21:51,Remittance,Jose Rodriguez (MX),2392.18,Flagged,INV_ACC,Upstream banking partner returned error INV_ACC.,36,FALSE,
TX-1936C416,12/15/25 21:51,Remittance,Jose Rodriguez (MX),299.1,Completed,,Transaction settled successfully.,0,FALSE,
TX-A1D2434C,12/29/25 21:51,Remittance,Luis Martinez (MX),154.97,Declined,R01,Upstream banking partner returned error R01.,35,FALSE,
TX-6BA0977F,12/13/25 21:51,POS Purchase,McDonalds,1454.38,Flagged,CARD_LOCK,Transaction attempted while user card was set to INACTIVE in app settings.,0,TRUE,
TX-CF08D6AD,12/25/25 21:51,Direct Deposit,Employer Payroll LLC,531.98,Completed,,Transaction settled successfully.,2,FALSE,
TX-31EA765A,12/25/25 21:51,Subscription,Uber,1871.47,Completed,,Transaction settled successfully.,0,FALSE,
TX-9D02E70A,1/8/26 21:51,Subscription,Uber,1495.32,Completed,,Transaction settled successfully.,9,FALSE,
TX-E2516EBB,1/4/26 21:51,POS Purchase,Remitly,760.58,Completed,,Transaction settled successfully.,3,FALSE,
TX-63D85D4F,12/12/25 21:51,ATM Withdrawal,Target,1596.23,Flagged,FRD_GEO,System flagged high risk score (87). Manual review required.,86,FALSE,
TX-93D7F930,12/10/25 21:51,POS Purchase,Amazon,64.19,Declined,INV_ACC,Upstream banking partner returned error INV_ACC.,26,FALSE,
TX-95F6ADBC,1/2/26 21:51,ATM Withdrawal,Amazon,1993.12,Pending,,Awaiting clearing house response.,7,FALSE,
TX-DABF2F6F,12/11/25 21:51,ATM Withdrawal,Shell Station,890.02,Completed,,Transaction settled successfully.,0,FALSE,
TX-DC68BF38,12/13/25 21:51,Subscription,Netflix,1114.11,Pending,,Awaiting clearing house response.,5,FALSE,
TX-A0CF84E6,12/11/25 21:51,POS Purchase,Shell Station,1725.36,Completed,,Transaction settled successfully.,8,FALSE,
TX-DA738A69,1/6/26 21:51,POS Purchase,Walmart,1347.81,Completed,,Transaction settled successfully.,3,FALSE,
TX-1363D7A0,12/30/25 21:51,Direct Deposit,Employer Payroll LLC,1270.56,Pending,,Awaiting clearing house response.,3,FALSE,
TX-ABEC9553,12/21/25 21:51,ATM Withdrawal,McDonalds,874.24,Completed,,Transaction settled successfully.,8,FALSE,
TX-A2C56224,12/14/25 21:51,Direct Deposit,Employer Payroll LLC,522,Pending,,Awaiting clearing house response.,9,FALSE,
TX-CAF3430B,12/12/25 21:51,POS Purchase,McDonalds,1135.51,Completed,,Transaction settled successfully.,1,FALSE,
TX-B26C48F1,12/14/25 21:51,Subscription,Target,594.58,Completed,,Transaction settled successfully.,2,FALSE,
TX-B3125284,12/17/25 21:51,Direct Deposit,Employer Payroll LLC,2074.64,Pending,,Awaiting clearing house response.,19,FALSE,
TX-76F49992,12/16/25 21:51,Direct Deposit,Employer Payroll LLC,2227.37,Declined,INV_ACC,Upstream banking partner returned error INV_ACC.,18,FALSE,
TX-21561717,12/9/25 21:51,Direct Deposit,Employer Payroll LLC,1625.62,Completed,,Transaction settled successfully.,10,FALSE,
TX-5F9A6CAE,1/1/26 21:51,POS Purchase,Shell Station,541.91,Completed,,Transaction settled successfully.,8,FALSE,
TX-2DF08F9E,1/2/26 21:51,ATM Withdrawal,Target,447.61,Completed,,Transaction settled successfully.,2,FALSE,
TX-94A20FD0,12/18/25 21:51,ATM Withdrawal,Shell Station,1033.36,Declined,INV_ACC,Upstream banking partner returned error INV_ACC.,34,FALSE,
TX-3498E1CE,1/2/26 21:51,Remittance,Juan Perez (MX),719.59,Completed,,Transaction settled successfully.,9,FALSE,
TX-6A40C1B5,12/23/25 21:51,ATM Withdrawal,Shell Station,1200,Completed,,Transaction settled successfully.,0,FALSE,
TX-5003B121,12/29/25 21:51,Subscription,7-Eleven,1024.34,Completed,,Transaction settled successfully.,5,FALSE,
TX-6CF799F5,12/16/25 21:51,POS Purchase,Target,2147.63,Pending,,Awaiting clearing house response.,17,FALSE,
TX-2B67823C,12/9/25 21:51,POS Purchase,Netflix,2337.54,Completed,,Transaction settled successfully.,2,FALSE,
TX-1D657F7C,1/5/26 21:51,Remittance,Jose Rodriguez (MX),1039.57,Pending,,Awaiting clearing house response.,0,FALSE,
TX-CA81DF73,12/29/25 21:51,ATM Withdrawal,Netflix,2032.37,Completed,,Transaction settled successfully.,7,FALSE,
TX-A0EF6CB2,12/11/25 21:51,POS Purchase,Uber,1831.95,Completed,,Transaction settled successfully.,9,FALSE,
TX-4FE8EA89,12/26/25 21:51,ATM Withdrawal,Amazon,1418.23,Completed,,Transaction settled successfully.,9,FALSE,
TX-2067A908,12/26/25 21:51,Direct Deposit,Employer Payroll LLC,1290.62,Completed,,Transaction settled successfully.,1,FALSE,
TX-D98C9C96,12/10/25 21:51,ATM Withdrawal,Netflix,1929.65,Declined,R01,Upstream banking partner returned error R01.,14,FALSE,
TX-76A31AAD,1/3/26 21:51,POS Purchase,Amazon,740.29,Completed,,Transaction settled successfully.,8,FALSE,
TX-C8D7A5CB,12/30/25 21:51,POS Purchase,Target,2202.36,Completed,,Transaction settled successfully.,4,FALSE,
TX-AC30EDD6,12/22/25 21:51,POS Purchase,Netflix,714.95,Completed,,Transaction settled successfully.,6,FALSE,
TX-E886878D,1/8/26 21:51,Subscription,Spotify,1417.86,Failed,INV_ACC,Upstream banking partner returned error INV_ACC.,40,FALSE,
TX-832B332F,12/12/25 21:51,Subscription,Walmart,2028.55,Pending,,Awaiting clearing house response.,7,FALSE,
TX-624DE4BF,12/31/25 21:51,ATM Withdrawal,7-Eleven,225.36,Completed,,Transaction settled successfully.,4,FALSE,
TX-C019CAE3,12/12/25 21:51,Remittance,Jose Rodriguez (MX),1851.05,Completed,,Transaction settled successfully.,8,FALSE,
TX-44B07C47,12/15/25 21:51,POS Purchase,Walmart,2004.55,Completed,,Transaction settled successfully.,8,FALSE,
TX-92DF9DBC,12/24/25 21:51,ATM Withdrawal,Remitly,1469.16,Completed,,Transaction settled successfully.,0,FALSE,
TX-173C4CEA,12/15/25 21:51,Subscription,Uber,266,Failed,CARD_LOCK,Transaction attempted while user card was set to INACTIVE in app settings.,0,TRUE,
TX-1F601A91,12/12/25 21:51,ATM Withdrawal,Target,804.17,Completed,,Transaction settled successfully.,5,FALSE,
TX-49A98462,12/11/25 21:51,POS Purchase,Uber,1553.8,Completed,,Transaction settled successfully.,2,FALSE,
TX-8F0BEFD0,1/7/26 21:51,ATM Withdrawal,7-Eleven,1279.31,Flagged,R01,Upstream banking partner returned error R01.,31,FALSE,
TX-5761DA15,12/23/25 21:51,POS Purchase,Walmart,2159.6,Failed,R01,Upstream banking partner returned error R01.,27,FALSE,
TX-556A4ED4,1/5/26 21:51,Subscription,Netflix,2228.01,Completed,,Transaction settled successfully.,8,FALSE,
TX-E6D3FC86,1/2/26 21:51,POS Purchase,Uber,54.1,Completed,,Transaction settled successfully.,2,FALSE,
TX-3762D533,1/2/26 21:51,Direct Deposit,Employer Payroll LLC,474.68,Pending,,Awaiting clearing house response.,3,FALSE,
TX-2EE93EBE,12/10/25 21:51,Direct Deposit,Employer Payroll LLC,159.65,Failed,CARD_LOCK,Transaction attempted while user card was set to INACTIVE in app settings.,0,TRUE,
TX-0C1AF525,1/8/26 21:51,Direct Deposit,Employer Payroll LLC,1746.67,Pending,,Awaiting clearing house response.,2,FALSE,
TX-E1F43010,12/13/25 21:51,Direct Deposit,Employer Payroll LLC,1052.78,Pending,,Awaiting clearing house response.,1,FALSE,
TX-9BA036F3,12/27/25 21:51,Direct Deposit,Employer Payroll LLC,2065.54,Completed,,Transaction settled successfully.,1,FALSE,
TX-878FF47B,1/3/26 21:51,Direct Deposit,Employer Payroll LLC,1023.19,Completed,,Transaction settled successfully.,7,FALSE,
TX-13DDBD5A,12/27/25 21:51,Direct Deposit,Employer Payroll LLC,905.15,Failed,INV_ACC,Upstream banking partner returned error INV_ACC.,35,FALSE,
TX-C8E932A8,12/22/25 21:51,Subscription,Spotify,244.4,Completed,,Transaction settled successfully.,6,FALSE,
TX-392E28D7,12/25/25 21:51,POS Purchase,Shell Station,1037.95,Pending,,Awaiting clearing house response.,1,FALSE,
TX-EXT-740535,1/20/26 12:55,P2P,P2P Transfer (External Card Funding),901.28,Declined,EXPIRED_CARD,Issuer rejected transaction because the card is expired.,55,FALSE,542418
TX-EXT-625255,1/1/26 22:00,P2P,P2P Transfer (External Card Funding),856.02,Failed,CVV_MISMATCH,Transaction failed CVV verification at the network level.,16,FALSE,542418
TX-EXT-921317,1/15/26 13:14,P2P,P2P Transfer (External Card Funding),229.39,Completed,,External card transaction authorized and settled successfully.,84,FALSE,414720
TX-EXT-397721,1/14/26 20:37,P2P,P2P Transfer (External Card Funding),445.58,Completed,,External card transaction authorized and settled successfully.,24,FALSE,414720
TX-EXT-693808,12/30/25 23:03,Remittance,International Remittance (External Card Funding),1022.76,Completed,,External card transaction authorized and settled successfully.,6,FALSE,517805
TX-EXT-488601,1/8/26 6:05,Remittance,International Remittance (External Card Funding),62.01,Declined,NETWORK_TIMEOUT,Upstream network timeout while attempting authorization.,82,FALSE,542418
TX-EXT-157522,1/5/26 19:32,Remittance,International Remittance (External Card Funding),548.24,Completed,,External card transaction authorized and settled successfully.,47,FALSE,517805
TX-EXT-745625,1/19/26 15:32,P2P,P2P Transfer (External Card Funding),1459.57,Failed,INSUFFICIENT_FUNDS,Issuer declined due to insufficient funds on the external card.,85,FALSE,517805
TX-EXT-868516,1/16/26 9:00,Remittance,International Remittance (External Card Funding),110.18,Completed,,External card transaction authorized and settled successfully.,54,FALSE,542418
TX-EXT-963680,12/28/25 4:38,Remittance,International Remittance (External Card Funding),606.33,Completed,,External card transaction authorized and settled successfully.,63,FALSE,414720
TX-EXT-592205,1/20/26 12:36,P2P,P2P Transfer (External Card Funding),280.05,Completed,,External card transaction authorized and settled successfully.,21,FALSE,542418
TX-EXT-424855,1/10/26 13:50,Remittance,International Remittance (External Card Funding),832.04,Completed,,External card transaction authorized and settled successfully.,83,FALSE,517805
TX-EXT-288066,1/3/26 20:24,Remittance,International Remittance (External Card Funding),475.01,Declined,NETWORK_TIMEOUT,Upstream network timeout while attempting authorization.,78,FALSE,517805
TX-EXT-563833,1/22/26 0:39,P2P,P2P Transfer (External Card Funding),1194.75,Declined,EXPIRED_CARD,Issuer rejected transaction because the card is expired.,83,FALSE,414720
TX-EXT-703027,1/5/26 7:01,P2P,P2P Transfer (External Card Funding),47.6,Declined,3DS_FAILED,Cardholder authentication via 3DS failed or was not completed.,59,FALSE,517805
TX-EXT-987270,1/11/26 6:18,P2P,P2P Transfer (External Card Funding),535.94,Failed,NETWORK_TIMEOUT,Upstream network timeout while attempting authorization.,31,FALSE,414720
TX-EXT-528817,1/12/26 1:58,Remittance,International Remittance (External Card Funding),1230.3,Failed,NETWORK_TIMEOUT,Upstream network timeout while attempting authorization.,65,FALSE,414720
TX-EXT-758865,12/28/25 10:48,Remittance,International Remittance (External Card Funding),70.96,Completed,,External card transaction authorized and settled successfully.,63,FALSE,414720
TX-EXT-152641,12/27/25 0:02,Remittance,International Remittance (External Card Funding),517.87,Completed,,External card transaction authorized and settled successfully.,53,FALSE,542418
TX-EXT-444415,1/18/26 5:39,Remittance,International Remittance (External Card Funding),51.16,Failed,EXPIRED_CARD,Issuer rejected transaction because the card is expired.,39,FALSE,414720
TX-EXT-953395,1/7/26 6:13,Remittance,International Remittance (External Card Funding),1366.61,Completed,,External card transaction authorized and settled successfully.,41,FALSE,517805
TX-EXT-375089,1/20/26 10:45,P2P,P2P Transfer (External Card Funding),763.08,Completed,,External card transaction authorized and settled successfully.,42,FALSE,414720
TX-EXT-649232,1/1/26 13:46,P2P,P2P Transfer (External Card Funding),95.62,Failed,INSUFFICIENT_FUNDS,Issuer declined due to insufficient funds on the external card.,44,FALSE,517805
TX-EXT-873612,1/20/26 13:20,Remittance,International Remittance (External Card Funding),719.32,Completed,,External card transaction authorized and settled successfully.,61,FALSE,542418
TX-EXT-213793,1/5/26 8:52,P2P,P2P Transfer (External Card Funding),819.2,Failed,INSUFFICIENT_FUNDS,Issuer declined due to insufficient funds on the external card.,67,FALSE,517805
TX-EXT-254209,12/28/25 10:34,P2P,P2P Transfer (External Card Funding),1379.02,Completed,,External card transaction authorized and settled successfully.,65,FALSE,517805
TX-EXT-410532,12/30/25 11:59,Remittance,International Remittance (External Card Funding),1440.75,Completed,,External card transaction authorized and settled successfully.,31,FALSE,542418
TX-EXT-446480,1/9/26 5:18,Remittance,International Remittance (External Card Funding),540.95,Completed,,External card transaction authorized and settled successfully.,38,FALSE,414720
TX-EXT-667852,1/12/26 4:18,Remittance,International Remittance (External Card Funding),283.16,Failed,NETWORK_TIMEOUT,Upstream network timeout while attempting authorization.,68,FALSE,414720
TX-EXT-584032,1/12/26 8:04,P2P,P2P Transfer (External Card Funding),323.97,Completed,,External card transaction authorized and settled successfully.,19,FALSE,517805
TX-EXT-841331,12/24/25 22:04,Remittance,International Remittance (External Card Funding),513.17,Completed,,External card transaction authorized and settled successfully.,5,FALSE,517805
TX-EXT-920387,12/30/25 19:31,P2P,P2P Transfer (External Card Funding),471.2,Completed,,External card transaction authorized and settled successfully.,21,FALSE,414720
TX-EXT-475087,12/29/25 11:18,P2P,P2P Transfer (External Card Funding),1469.93,Completed,,External card transaction authorized and settled successfully.,60,FALSE,414720
TX-EXT-338384,12/25/25 9:58,P2P,P2P Transfer (External Card Funding),1410.04,Completed,,External card transaction authorized and settled successfully.,67,FALSE,542418
TX-EXT-277545,1/7/26 4:22,P2P,P2P Transfer (External Card Funding),375.19,Failed,RISK_BLOCK,Transaction blocked by internal risk engine due to abnormal pattern.,43,FALSE,542418
TX-EXT-385416,1/7/26 1:06,P2P,P2P Transfer (External Card Funding),1341.81,Declined,RISK_BLOCK,Transaction blocked by internal risk engine due to abnormal pattern.,56,FALSE,517805
TX-EXT-592254,12/29/25 9:58,Remittance,International Remittance (External Card Funding),182.9,Completed,,External card transaction authorized and settled successfully.,51,FALSE,517805
TX-EXT-440043,1/7/26 21:14,Remittance,International Remittance (External Card Funding),1361.71,Completed,,External card transaction authorized and settled successfully.,21,FALSE,517805
TX-EXT-144930,1/4/26 12:17,P2P,P2P Transfer (External Card Funding),1158,Completed,,External card transaction authorized and settled successfully.,28,FALSE,542418
TX-EXT-963180,1/7/26 20:07,Remittance,International Remittance (External Card Funding),1044.19,Completed,,External card transaction authorized and settled successfully.,45,FALSE,517805
TX-EXT-908129,12/26/25 7:21,Remittance,International Remittance (External Card Funding),569.98,Completed,,External card transaction authorized and settled successfully.,8,FALSE,517805
TX-EXT-519227,1/20/26 4:43,Remittance,International Remittance (External Card Funding),103.74,Failed,CVV_MISMATCH,Transaction failed CVV verification at the network level.,46,FALSE,414720
TX-EXT-508426,1/7/26 14:43,P2P,P2P Transfer (External Card Funding),106.82,Completed,,External card transaction authorized and settled successfully.,49,FALSE,542418
TX-EXT-538977,12/25/25 20:05,Remittance,International Remittance (External Card Funding),1412.25,Completed,,External card transaction authorized and settled successfully.,66,FALSE,414720
TX-EXT-658739,1/4/26 6:47,P2P,P2P Transfer (External Card Funding),742.85,Failed,CVV_MISMATCH,Transaction failed CVV verification at the network level.,56,FALSE,517805
TX-EXT-597131,1/2/26 11:02,Remittance,International Remittance (External Card Funding),546.66,Completed,,External card transaction authorized and settled successfully.,57,FALSE,542418
TX-EXT-113197,1/13/26 17:57,Remittance,International Remittance (External Card Funding),1145.36,Failed,CVV_MISMATCH,Transaction failed CVV verification at the network level.,58,FALSE,542418
TX-EXT-907737,1/15/26 0:56,Remittance,International Remittance (External Card Funding),1003.96,Declined,NETWORK_TIMEOUT,Upstream network timeout while attempting authorization.,65,FALSE,542418
TX-EXT-356941,1/7/26 21:42,P2P,P2P Transfer (External Card Funding),90.21,Failed,3DS_FAILED,Cardholder authentication via 3DS failed or was not completed.,55,FALSE,517805
TX-EXT-969729,12/29/25 22:13,Remittance,International Remittance (External Card Funding),268.32,Failed,EXPIRED_CARD,Issuer rejected transaction because the card is expired.,24,FALSE,517805
TX-EXT-580660,12/30/25 1:02,Remittance,International Remittance (External Card Funding),668.71,Failed,RISK_BLOCK,Transaction blocked by internal risk engine due to abnormal pattern.,71,FALSE,414720
TX-EXT-927199,1/1/26 4:01,P2P,P2P Transfer (External Card Funding),392.87,Completed,,External card transaction authorized and settled successfully.,38,FALSE,517805
TX-EXT-848241,12/23/25 23:58,Remittance,International Remittance (External Card Funding),1402.34,Completed,,External card transaction authorized and settled successfully.,27,FALSE,542418
TX-EXT-314286,1/16/26 2:37,P2P,P2P Transfer (External Card Funding),1069.33,Completed,,External card transaction authorized and settled successfully.,84,FALSE,517805
TX-EXT-772906,1/9/26 4:31,Remittance,International Remittance (External Card Funding),183.1,Declined,NETWORK_TIMEOUT,Upstream network timeout while attempting authorization.,76,FALSE,414720
TX-EXT-527620,1/12/26 1:40,P2P,P2P Transfer (External Card Funding),827.6,Failed,3DS_FAILED,Cardholder authentication via 3DS failed or was not completed.,53,FALSE,517805
TX-EXT-556472,12/29/25 6:54,Remittance,International Remittance (External Card Funding),796.2,Failed,EXPIRED_CARD,Issuer rejected transaction because the card is expired.,77,FALSE,542418
TX-EXT-682561,1/23/26 1:36,Remittance,International Remittance (External Card Funding),1314.55,Completed,,External card transaction authorized and settled successfully.,79,FALSE,542418
TX-EXT-395696,1/4/26 11:07,P2P,P2P Transfer (External Card Funding),1042.4,Completed,,External card transaction authorized and settled successfully.,36,FALSE,414720
TX-EXT-302485,1/15/26 9:48,Remittance,International Remittance (External Card Funding),1312.12,Completed,,External card transaction authorized and settled successfully.,27,FALSE,542418
TX-EXT-375497,1/5/26 7:56,Remittance,International Remittance (External Card Funding),690.08,Failed,EXPIRED_CARD,Issuer rejected transaction because the card is expired.,57,FALSE,542418
TX-EXT-866601,1/2/26 15:16,Remittance,International Remittance (External Card Funding),1162.1,Completed,,External card transaction authorized and settled successfully.,36,FALSE,517805
TX-EXT-982753,1/19/26 7:41,Remittance,International Remittance (External Card Funding),1133.16,Declined,CVV_MISMATCH,Transaction failed CVV verification at the network level.,55,FALSE,414720
TX-EXT-241531,1/21/26 1:59,P2P,P2P Transfer (External Card Funding),637.79,Failed,RISK_BLOCK,Transaction blocked by internal risk engine due to abnormal pattern.,69,FALSE,517805
TX-EXT-665324,1/11/26 7:41,Remittance,International Remittance (External Card Funding),1258.97,Declined,3DS_FAILED,Cardholder authentication via 3DS failed or was not completed.,48,FALSE,517805
TX-EXT-763301,1/16/26 17:39,Remittance,International Remittance (External Card Funding),1433.54,Completed,,External card transaction authorized and settled successfully.,82,FALSE,542418
TX-EXT-425247,1/20/26 18:07,P2P,P2P Transfer (External Card Funding),466.42,Failed,CVV_MISMATCH,Transaction failed CVV verification at the network level.,78,FALSE,542418
TX-EXT-574761,1/15/26 20:20,P2P,P2P Transfer (External Card Funding),1250.65,Completed,,External card transaction authorized and settled successfully.,83,FALSE,517805
TX-EXT-171545,1/1/26 22:18,Remittance,International Remittance (External Card Funding),780.18,Failed,NETWORK_TIMEOUT,Upstream network timeout while attempting authorization.,24,FALSE,517805
TX-EXT-989617,1/19/26 22:12,Remittance,International Remittance (External Card Funding),738.88,Completed,,External card transaction authorized and settled successfully.,59,FALSE,542418
TX-EXT-934757,1/7/26 7:05,P2P,P2P Transfer (External Card Funding),1272.88,Completed,,External card transaction authorized and settled successfully.,78,FALSE,517805
TX-EXT-994719,12/30/25 22:23,Remittance,International Remittance (External Card Funding),641.42,Completed,,External card transaction authorized and settled successfully.,76,FALSE,414720
TX-EXT-648824,1/16/26 20:09,P2P,P2P Transfer (External Card Funding),737.13,Completed,,External card transaction authorized and settled successfully.,84,FALSE,517805
TX-EXT-728559,1/14/26 21:17,Remittance,International Remittance (External Card Funding),260.92,Completed,,External card transaction authorized and settled successfully.,16,FALSE,414720
TX-EXT-287496,1/23/26 2:56,Remittance,International Remittance (External Card Funding),972.19,Failed,CVV_MISMATCH,Transaction failed CVV verification at the network level.,73,FALSE,517805
TX-EXT-810887,1/11/26 7:29,P2P,P2P Transfer (External Card Funding),761.1,Failed,3DS_FAILED,Cardholder authentication via 3DS failed or was not completed.,21,FALSE,542418
TX-EXT-525377,12/31/25 10:32,Remittance,International Remittance (External Card Funding),601.04,Completed,,External card transaction authorized and settled successfully.,64,FALSE,542418
TX-EXT-611359,1/22/26 8:50,Remittance,International Remittance (External Card Funding),708.7,Failed,INSUFFICIENT_FUNDS,Issuer declined due to insufficient funds on the external card.,42,FALSE,517805
TX-EXT-388691,1/8/26 6:47,P2P,P2P Transfer (External Card Funding),67.49,Completed,,External card transaction authorized and settled successfully.,82,FALSE,517805
TX-EXT-885874,1/13/26 14:05,Remittance,International Remittance (External Card Funding),1129.65,Failed,INSUFFICIENT_FUNDS,Issuer declined due to insufficient funds on the external card.,48,FALSE,517805
TX-EXT-111037,1/14/26 4:44,P2P,P2P Transfer (External Card Funding),1478.24,Declined,3DS_FAILED,Cardholder authentication via 3DS failed or was not completed.,72,FALSE,517805
TX-EXT-390135,1/13/26 13:18,P2P,P2P Transfer (External Card Funding),1033.97,Declined,NETWORK_TIMEOUT,Upstream network timeout while attempting authorization.,72,FALSE,517805
TX-EXT-545387,12/27/25 6:37,P2P,P2P Transfer (External Card Funding),1090.54,Completed,,External card transaction authorized and settled successfully.,46,FALSE,542418
TX-EXT-560543,12/31/25 8:25,P2P,P2P Transfer (External Card Funding),1133.98,Failed,NETWORK_TIMEOUT,Upstream network timeout while attempting authorization.,20,FALSE,414720
TX-EXT-833432,1/9/26 6:26,Remittance,International Remittance (External Card Funding),1456.61,Completed,,External card transaction authorized and settled successfully.,59,FALSE,414720
TX-EXT-642952,1/14/26 7:36,Remittance,International Remittance (External Card Funding),638.56,Declined,INSUFFICIENT_FUNDS,Issuer declined due to insufficient funds on the external card.,5,FALSE,542418
TX-EXT-211998,1/7/26 19:24,Remittance,International Remittance (External Card Funding),228.49,Declined,INSUFFICIENT_FUNDS,Issuer declined due to insufficient funds on the external card.,43,FALSE,542418
TX-EXT-774839,1/18/26 15:15,Remittance,International Remittance (External Card Funding),1496.27,Failed,EXPIRED_CARD,Issuer rejected transaction because the card is expired.,78,FALSE,414720
TX-EXT-455140,1/10/26 10:00,Remittance,International Remittance (External Card Funding),1323.61,Declined,EXPIRED_CARD,Issuer rejected transaction because the card is expired.,59,FALSE,414720
TX-EXT-581480,1/10/26 11:18,P2P,P2P Transfer (External Card Funding),1464.81,Completed,,External card transaction authorized and settled successfully.,13,FALSE,542418
TX-EXT-611194,1/19/26 23:39,P2P,P2P Transfer (External Card Funding),1495.01,Completed,,External card transaction authorized and settled successfully.,69,FALSE,414720
TX-EXT-526970,1/7/26 6:51,Remittance,International Remittance (External Card Funding),541.99,Completed,,External card transaction authorized and settled successfully.,30,FALSE,517805
TX-EXT-215454,1/16/26 22:31,Remittance,International Remittance (External Card Funding),115.16,Failed,INSUFFICIENT_FUNDS,Issuer declined due to insufficient funds on the external card.,43,FALSE,414720
TX-EXT-312300,12/25/25 8:25,Remittance,International Remittance (External Card Funding),413.4,Completed,,External card transaction authorized and settled successfully.,71,FALSE,517805
TX-EXT-493987,1/13/26 22:07,P2P,P2P Transfer (External Card Funding),377.47,Failed,INSUFFICIENT_FUNDS,Issuer declined due to insufficient funds on the external card.,63,FALSE,517805
TX-EXT-269021,1/22/26 12:38,Remittance,International Remittance (External Card Funding),1044.55,Failed,3DS_FAILED,Cardholder authentication via 3DS failed or was not completed.,32,FALSE,542418
TX-EXT-489013,12/26/25 13:17,Remittance,International Remittance (External Card Funding),335.7,Completed,,External card transaction authorized and settled successfully.,23,FALSE,542418
TX-EXT-152906,1/23/26 15:32,P2P,P2P Transfer (External Card Funding),822.04,Completed,,External card transaction authorized and settled successfully.,41,FALSE,517805
TX-EXT-478612,1/7/26 15:50,Remittance,International Remittance (External Card Funding),86.12,Completed,,External card transaction authorized and settled successfully.,13,FALSE,542418
TX-EXT-784570,1/10/26 0:59,Remittance,International Remittance (External Card Funding),510.71,Completed,,External card transaction authorized and settled successfully.,42,FALSE,542418